location,direction,RSSI1,RSSI2,RSSI3
B2,N,-56,-67,-77
B2,N,-56,-64,-83
B2,N,-56,-67,-76
B2,N,-56,-69,-77
B2,N,-66,-63,-84
B2,N,-56,-67,-77
B2,N,-56,-67,-77
B2,N,-66,-66,-78
B2,N,-66,-64,-83
B2,N,-66,-63,-83
B2,N,-66,-64,-81
B2,N,-57,-67,-78
B2,N,-66,-64,-78
B2,N,-66,-69,-77
B2,N,-56,-67,-78
B2,N,-54,-70,-78
B2,N,-57,-67,-83
B2,N,-56,-67,-78
B2,N,-66,-64,-83
B2,N,-67,-64,-78
B2,N,-56,-67,-78
B2,N,-67,-64,-83
B2,N,-56,-64,-78
B2,N,-56,-68,-78
B2,N,-67,-63,-83
B2,N,-56,-67,-82
B2,N,-57,-67,-78
B2,N,-66,-64,-83
B2,N,-56,-63,-83
B2,N,-66,-70,-78
B2,N,-66,-64,-81
B2,N,-56,-66,-78
B2,N,-56,-66,-78
B2,N,-55,-70,-82
B2,N,-56,-64,-82
B2,N,-55,-70,-78
B2,N,-67,-66,-77
B2,N,-56,-63,-77
B2,N,-57,-67,-78
B2,N,-56,-70,-77
B2,N,-56,-67,-77
B2,N,-56,-67,-78
B2,N,-56,-67,-78
B2,N,-56,-67,-78
B2,N,-56,-67,-78
B2,N,-66,-63,-78
B2,N,-57,-67,-77
B2,N,-55,-64,-90
B2,N,-66,-64,-82
B2,N,-56,-67,-79
B2,N,-56,-67,-78
B2,N,-56,-64,-82
B2,N,-57,-66,-78
B2,N,-56,-67,-78
B2,N,-56,-67,-78
B2,N,-56,-66,-77
B2,N,-67,-64,-84
B2,N,-56,-66,-78
B2,N,-56,-67,-78
B2,N,-66,-63,-83
B2,N,-57,-64,-78
B2,N,-57,-66,-77
B2,N,-67,-64,-78
B2,N,-67,-70,-89
B2,N,-57,-67,-78
B2,N,-67,-70,-83
B2,N,-56,-63,-77
B2,N,-57,-67,-85
B2,N,-67,-70,-77
B2,N,-67,-67,-78
B2,N,-56,-67,-78
B2,N,-56,-70,-81
B2,N,-56,-66,-77
B2,N,-66,-64,-83
B2,N,-56,-64,-83
B2,N,-56,-67,-78
B2,N,-66,-64,-80
B2,N,-67,-70,-78
B2,N,-55,-67,-83
B2,N,-55,-69,-78
B2,N,-67,-70,-83
B2,N,-56,-70,-78
B2,N,-67,-64,-77
B2,N,-67,-64,-83
B2,N,-57,-67,-77
B2,N,-57,-67,-78
B2,N,-67,-70,-77
B2,N,-66,-70,-83
B2,N,-55,-70,-82
B2,N,-66,-66,-78
B2,N,-55,-63,-83
B2,N,-55,-70,-83
B2,N,-66,-64,-83
B2,N,-57,-67,-77
B2,N,-54,-64,-83
B2,N,-66,-67,-83
B2,N,-56,-67,-77
B2,N,-56,-67,-77
B2,N,-56,-64,-77
B2,N,-56,-67,-77
B2,W,-67,-67,-83
B2,W,-66,-68,-81
B2,W,-78,-68,-84
B2,W,-66,-68,-83
B2,W,-67,-67,-83
B2,W,-78,-67,-81
B2,W,-67,-68,-80
B2,W,-80,-68,-81
B2,W,-65,-86,-81
B2,W,-65,-88,-82
B2,W,-67,-67,-82
B2,W,-66,-85,-80
B2,W,-67,-68,-83
B2,W,-67,-67,-82
B2,W,-66,-86,-81
B2,W,-67,-68,-81
B2,W,-66,-68,-83
B2,W,-66,-88,-81
B2,W,-67,-68,-82
B2,W,-78,-67,-82
B2,W,-66,-87,-81
B2,W,-67,-68,-82
B2,W,-67,-68,-82
B2,W,-66,-88,-83
B2,W,-66,-68,-83
B2,W,-67,-68,-81
B2,W,-66,-87,-81
B2,W,-67,-68,-83
B2,W,-67,-68,-82
B2,W,-78,-86,-81
B2,W,-67,-67,-83
B2,W,-67,-67,-81
B2,W,-66,-86,-82
B2,W,-68,-68,-81
B2,W,-66,-86,-81
B2,W,-66,-67,-83
B2,W,-67,-87,-81
B2,W,-67,-66,-81
B2,W,-66,-68,-83
B2,W,-67,-67,-83
B2,W,-66,-69,-82
B2,W,-66,-68,-84
B2,W,-66,-67,-83
B2,W,-67,-67,-81
B2,W,-66,-67,-85
B2,W,-67,-68,-85
B2,W,-65,-68,-80
B2,W,-66,-67,-84
B2,W,-67,-67,-81
B2,W,-65,-69,-81
B2,W,-67,-67,-83
B2,W,-78,-67,-84
B2,W,-65,-85,-81
B2,W,-67,-67,-80
B2,W,-80,-68,-81
B2,W,-67,-67,-80
B2,W,-66,-67,-82
B2,W,-67,-67,-83
B2,W,-65,-86,-82
B2,W,-67,-67,-84
B2,W,-68,-67,-83
B2,W,-67,-67,-81
B2,W,-67,-67,-83
B2,W,-78,-67,-83
B2,W,-66,-84,-81
B2,W,-67,-68,-81
B2,W,-66,-67,-82
B2,W,-67,-68,-79
B2,W,-66,-67,-80
B2,W,-67,-86,-80
B2,W,-78,-67,-82
B2,W,-67,-68,-84
B2,W,-66,-85,-81
B2,W,-66,-67,-81
B2,W,-66,-67,-83
B2,W,-67,-67,-83
B2,W,-66,-67,-81
B2,W,-67,-67,-83
B2,W,-67,-68,-82
B2,W,-67,-86,-82
B2,W,-66,-68,-83
B2,W,-79,-68,-81
B2,W,-67,-67,-81
B2,W,-66,-67,-82
B2,W,-66,-85,-80
B2,W,-66,-86,-81
B2,W,-66,-67,-82
B2,W,-82,-86,-82
B2,W,-66,-67,-81
B2,W,-66,-67,-82
B2,W,-80,-86,-82
B2,W,-66,-67,-82
B2,W,-66,-67,-82
B2,W,-79,-84,-82
B2,W,-67,-67,-81
B2,W,-67,-67,-82
B2,W,-67,-85,-82
B2,W,-67,-67,-83
B2,W,-67,-67,-82
B2,W,-67,-67,-81
B2,S,-53,-72,-78
B2,S,-55,-67,-77
B2,S,-52,-72,-78
B2,S,-53,-73,-77
B2,S,-56,-66,-77
B2,S,-53,-72,-76
B2,S,-52,-72,-77
B2,S,-56,-73,-78
B2,S,-55,-67,-78
B2,S,-53,-72,-77
B2,S,-55,-66,-78
B2,S,-53,-73,-78
B2,S,-54,-67,-75
B2,S,-55,-72,-78
B2,S,-54,-71,-78
B2,S,-54,-72,-79
B2,S,-57,-73,-79
B2,S,-56,-66,-76
B2,S,-54,-72,-78
B2,S,-56,-67,-77
B2,S,-52,-72,-77
B2,S,-54,-72,-77
B2,S,-56,-68,-76
B2,S,-54,-72,-78
B2,S,-53,-72,-77
B2,S,-54,-72,-75
B2,S,-53,-67,-78
B2,S,-56,-67,-81
B2,S,-53,-72,-78
B2,S,-54,-72,-77
B2,S,-57,-71,-75
B2,S,-56,-67,-79
B2,S,-53,-72,-78
B2,S,-56,-67,-79
B2,S,-53,-67,-79
B2,S,-57,-71,-75
B2,S,-56,-67,-80
B2,S,-56,-72,-78
B2,S,-57,-72,-76
B2,S,-55,-67,-79
B2,S,-54,-72,-78
B2,S,-54,-72,-77
B2,S,-56,-67,-77
B2,S,-54,-72,-77
B2,S,-54,-72,-78
B2,S,-56,-72,-77
B2,S,-53,-67,-75
B2,S,-57,-73,-78
B2,S,-56,-67,-78
B2,S,-57,-73,-78
B2,S,-54,-72,-78
B2,S,-56,-67,-78
B2,S,-53,-72,-77
B2,S,-54,-72,-77
B2,S,-56,-67,-78
B2,S,-53,-72,-78
B2,S,-56,-67,-76
B2,S,-53,-72,-78
B2,S,-53,-72,-77
B2,S,-56,-66,-80
B2,S,-56,-72,-78
B2,S,-56,-67,-78
B2,S,-53,-72,-78
B2,S,-56,-67,-79
B2,S,-54,-71,-78
B2,S,-57,-72,-77
B2,S,-54,-72,-79
B2,S,-54,-72,-78
B2,S,-54,-72,-77
B2,S,-56,-66,-77
B2,S,-53,-71,-77
B2,S,-53,-72,-77
B2,S,-56,-66,-78
B2,S,-52,-72,-77
B2,S,-56,-66,-80
B2,S,-55,-67,-78
B2,S,-53,-72,-78
B2,S,-56,-67,-79
B2,S,-57,-67,-78
B2,S,-53,-72,-76
B2,S,-56,-67,-80
B2,S,-54,-72,-77
B2,S,-54,-73,-77
B2,S,-57,-66,-78
B2,S,-56,-71,-77
B2,S,-53,-73,-77
B2,S,-56,-67,-80
B2,S,-52,-73,-77
B2,S,-56,-67,-79
B2,S,-55,-67,-79
B2,S,-54,-71,-77
B2,S,-54,-72,-79
B2,S,-56,-66,-78
B2,S,-53,-66,-79
B2,S,-57,-73,-77
B2,S,-56,-66,-79
B2,S,-58,-73,-77
B2,S,-54,-73,-77
B2,S,-54,-67,-77
B2,S,-54,-72,-78
B2,E,-62,-78,-77
B2,E,-62,-73,-89
B2,E,-58,-81,-78
B2,E,-63,-67,-75
B2,E,-57,-67,-89
B2,E,-57,-80,-77
B2,E,-63,-79,-78
B2,E,-57,-68,-91
B2,E,-63,-80,-78
B2,E,-63,-80,-89
B2,E,-57,-68,-78
B2,E,-63,-79,-78
B2,E,-63,-80,-78
B2,E,-57,-68,-78
B2,E,-63,-79,-78
B2,E,-63,-80,-77
B2,E,-58,-78,-77
B2,E,-63,-67,-78
B2,E,-57,-68,-87
B2,E,-61,-67,-75
B2,E,-63,-78,-78
B2,E,-57,-67,-75
B2,E,-57,-80,-89
B2,E,-63,-80,-88
B2,E,-63,-80,-77
B2,E,-58,-79,-78
B2,E,-63,-81,-77
B2,E,-63,-80,-77
B2,E,-63,-79,-77
B2,E,-63,-81,-77
B2,E,-60,-73,-75
B2,E,-56,-81,-77
B2,E,-63,-81,-78
B2,E,-63,-68,-89
B2,E,-57,-80,-75
B2,E,-63,-79,-77
B2,E,-57,-74,-76
B2,E,-57,-68,-91
B2,E,-63,-68,-75
B2,E,-57,-68,-88
B2,E,-63,-79,-78
B2,E,-63,-78,-77
B2,E,-58,-68,-88
B2,E,-63,-68,-77
B2,E,-62,-81,-75
B2,E,-57,-68,-77
B2,E,-63,-73,-77
B2,E,-61,-82,-75
B2,E,-57,-74,-75
B2,E,-63,-79,-77
B2,E,-63,-79,-77
B2,E,-57,-75,-90
B2,E,-63,-79,-77
B2,E,-63,-81,-77
B2,E,-62,-68,-77
B2,E,-63,-80,-77
B2,E,-63,-81,-76
B2,E,-61,-68,-87
B2,E,-64,-80,-77
B2,E,-63,-79,-76
B2,E,-61,-74,-77
B2,E,-64,-81,-78
B2,E,-63,-81,-77
B2,E,-63,-68,-77
B2,E,-64,-79,-77
B2,E,-64,-82,-76
B2,E,-57,-68,-77
B2,E,-63,-81,-76
B2,E,-63,-81,-76
B2,E,-60,-78,-77
B2,E,-63,-81,-78
B2,E,-63,-73,-75
B2,E,-63,-79,-88
B2,E,-63,-79,-77
B2,E,-61,-73,-74
B2,E,-57,-68,-89
B2,E,-63,-80,-77
B2,E,-57,-68,-88
B2,E,-63,-81,-88
B2,E,-63,-81,-77
B2,E,-63,-81,-77
B2,E,-57,-79,-76
B2,E,-63,-80,-77
B2,E,-57,-68,-77
B2,E,-62,-68,-87
B2,E,-63,-80,-77
B2,E,-57,-68,-88
B2,E,-57,-68,-77
B2,E,-63,-81,-77
B2,E,-61,-68,-76
B2,E,-63,-68,-89
B2,E,-63,-80,-77
B2,E,-57,-68,-87
B2,E,-57,-69,-76
B2,E,-60,-68,-77
B2,E,-57,-68,-75
B2,E,-62,-79,-90
B2,E,-63,-79,-77
B2,E,-57,-80,-86
B2,E,-62,-80,-77
R,N,-82,-77,-80
R,N,-80,-77,-64
R,N,-80,-72,-82
R,N,-83,-78,-65
R,N,-82,-77,-65
R,N,-80,-72,-81
R,N,-83,-78,-65
R,N,-83,-79,-65
R,N,-80,-77,-80
R,N,-83,-77,-64
R,N,-83,-77,-65
R,N,-82,-72,-66
R,N,-82,-78,-65
R,N,-80,-73,-80
R,N,-80,-78,-81
R,N,-83,-77,-64
R,N,-81,-72,-81
R,N,-80,-77,-65
R,N,-83,-78,-65
R,N,-81,-72,-80
R,N,-83,-77,-65
R,N,-80,-78,-64
R,N,-81,-72,-81
R,N,-81,-78,-64
R,N,-81,-77,-81
R,N,-83,-72,-81
R,N,-83,-72,-64
R,N,-83,-77,-64
R,N,-83,-77,-72
R,N,-83,-78,-65
R,N,-83,-78,-65
R,N,-81,-72,-81
R,N,-80,-77,-64
R,N,-83,-77,-65
R,N,-81,-73,-81
R,N,-83,-77,-65
R,N,-83,-77,-65
R,N,-83,-73,-81
R,N,-84,-78,-65
R,N,-83,-77,-65
R,N,-83,-73,-80
R,N,-83,-77,-64
R,N,-83,-77,-64
R,N,-81,-72,-80
R,N,-83,-77,-65
R,N,-82,-73,-71
R,N,-81,-77,-82
R,N,-81,-77,-65
R,N,-83,-77,-65
R,N,-81,-77,-80
R,N,-84,-77,-65
R,N,-82,-78,-65
R,N,-84,-78,-80
R,N,-83,-80,-64
R,N,-81,-72,-79
R,N,-84,-77,-64
R,N,-82,-77,-65
R,N,-81,-73,-81
R,N,-83,-77,-65
R,N,-84,-78,-65
R,N,-82,-81,-64
R,N,-84,-78,-64
R,N,-83,-80,-72
R,N,-83,-73,-65
R,N,-84,-77,-64
R,N,-83,-77,-64
R,N,-83,-73,-64
R,N,-83,-78,-64
R,N,-83,-78,-72
R,N,-83,-73,-79
R,N,-84,-73,-80
R,N,-82,-73,-81
R,N,-83,-73,-81
R,N,-83,-77,-65
R,N,-83,-78,-64
R,N,-82,-81,-64
R,N,-82,-78,-64
R,N,-83,-72,-80
R,N,-82,-72,-64
R,N,-83,-82,-73
R,N,-84,-73,-72
R,N,-84,-73,-64
R,N,-83,-77,-64
R,N,-83,-81,-73
R,N,-83,-73,-64
R,N,-83,-82,-65
R,N,-82,-73,-82
R,N,-83,-73,-81
R,N,-82,-77,-64
R,N,-82,-73,-81
R,N,-82,-72,-81
R,N,-82,-80,-64
R,N,-82,-73,-82
R,N,-83,-74,-64
R,N,-83,-77,-65
R,N,-79,-81,-73
R,N,-82,-77,-64
R,N,-82,-78,-64
R,N,-82,-78,-81
R,N,-83,-73,-65
R,W,-71,-78,-66
R,W,-70,-89,-74
R,W,-70,-89,-74
R,W,-71,-89,-74
R,W,-71,-91,-74
R,W,-83,-78,-76
R,W,-70,-78,-76
R,W,-70,-89,-74
R,W,-71,-78,-67
R,W,-70,-89,-74
R,W,-70,-90,-75
R,W,-71,-77,-66
R,W,-70,-78,-76
R,W,-82,-78,-74
R,W,-82,-90,-66
R,W,-71,-89,-73
R,W,-70,-90,-74
R,W,-72,-78,-66
R,W,-71,-91,-74
R,W,-70,-89,-74
R,W,-82,-78,-73
R,W,-72,-78,-74
R,W,-70,-90,-74
R,W,-72,-78,-66
R,W,-70,-89,-75
R,W,-72,-88,-66
R,W,-71,-78,-66
R,W,-70,-90,-74
R,W,-71,-78,-66
R,W,-71,-78,-68
R,W,-70,-90,-74
R,W,-71,-77,-67
R,W,-69,-78,-66
R,W,-69,-88,-74
R,W,-70,-89,-74
R,W,-70,-78,-73
R,W,-69,-89,-74
R,W,-72,-78,-66
R,W,-71,-89,-66
R,W,-70,-88,-74
R,W,-83,-90,-77
R,W,-72,-78,-66
R,W,-70,-88,-73
R,W,-82,-78,-77
R,W,-71,-79,-66
R,W,-70,-89,-74
R,W,-82,-88,-67
R,W,-70,-78,-74
R,W,-70,-89,-75
R,W,-71,-79,-66
R,W,-69,-90,-74
R,W,-70,-78,-74
R,W,-70,-78,-66
R,W,-81,-89,-73
R,W,-71,-88,-74
R,W,-71,-78,-66
R,W,-70,-89,-73
R,W,-72,-77,-66
R,W,-70,-77,-73
R,W,-70,-88,-74
R,W,-70,-89,-73
R,W,-70,-77,-77
R,W,-70,-88,-73
R,W,-70,-87,-73
R,W,-71,-79,-73
R,W,-70,-89,-73
R,W,-71,-78,-66
R,W,-70,-89,-66
R,W,-69,-88,-74
R,W,-72,-80,-66
R,W,-70,-88,-73
R,W,-70,-87,-73
R,W,-82,-77,-76
R,W,-71,-77,-66
R,W,-69,-86,-73
R,W,-70,-79,-76
R,W,-70,-87,-73
R,W,-70,-88,-77
R,W,-71,-79,-66
R,W,-71,-86,-73
R,W,-70,-89,-73
R,W,-71,-86,-67
R,W,-69,-88,-73
R,W,-70,-87,-73
R,W,-71,-78,-66
R,W,-69,-86,-73
R,W,-70,-86,-73
R,W,-71,-77,-66
R,W,-69,-88,-74
R,W,-70,-87,-74
R,W,-72,-78,-66
R,W,-70,-87,-74
R,W,-72,-78,-66
R,W,-72,-78,-67
R,W,-70,-88,-73
R,W,-70,-86,-74
R,W,-72,-87,-73
R,W,-69,-87,-73
R,W,-72,-79,-67
R,W,-84,-88,-66
R,S,-73,-93,-65
R,S,-70,-72,-75
R,S,-73,-93,-66
R,S,-72,-71,-74
R,S,-74,-72,-68
R,S,-73,-91,-66
R,S,-70,-71,-74
R,S,-70,-72,-73
R,S,-73,-72,-65
R,S,-73,-93,-66
R,S,-70,-71,-73
R,S,-70,-90,-74
R,S,-74,-78,-68
R,S,-70,-71,-73
R,S,-69,-92,-72
R,S,-70,-71,-73
R,S,-70,-71,-73
R,S,-73,-78,-73
R,S,-70,-72,-73
R,S,-70,-72,-73
R,S,-73,-72,-65
R,S,-70,-72,-73
R,S,-69,-71,-74
R,S,-70,-72,-73
R,S,-70,-72,-72
R,S,-69,-72,-73
R,S,-73,-90,-73
R,S,-74,-71,-73
R,S,-74,-90,-66
R,S,-74,-90,-65
R,S,-70,-71,-73
R,S,-74,-77,-68
R,S,-73,-88,-66
R,S,-74,-72,-68
R,S,-73,-91,-65
R,S,-70,-88,-65
R,S,-73,-72,-65
R,S,-74,-88,-65
R,S,-70,-72,-65
R,S,-70,-72,-72
R,S,-73,-89,-66
R,S,-70,-72,-73
R,S,-70,-72,-73
R,S,-73,-89,-66
R,S,-70,-72,-73
R,S,-70,-72,-72
R,S,-74,-89,-73
R,S,-70,-72,-73
R,S,-74,-89,-68
R,S,-73,-89,-65
R,S,-70,-88,-73
R,S,-74,-88,-67
R,S,-74,-72,-65
R,S,-70,-72,-72
R,S,-70,-72,-73
R,S,-74,-71,-66
R,S,-74,-72,-73
R,S,-70,-73,-72
R,S,-73,-89,-65
R,S,-70,-72,-73
R,S,-70,-71,-73
R,S,-73,-72,-68
R,S,-69,-72,-72
R,S,-69,-72,-73
R,S,-74,-89,-65
R,S,-70,-72,-73
R,S,-69,-72,-72
R,S,-69,-89,-65
R,S,-70,-72,-72
R,S,-70,-72,-73
R,S,-74,-87,-73
R,S,-69,-72,-72
R,S,-74,-88,-65
R,S,-69,-86,-72
R,S,-70,-72,-72
R,S,-73,-88,-65
R,S,-69,-77,-73
R,S,-70,-72,-72
R,S,-74,-86,-65
R,S,-69,-72,-72
R,S,-69,-72,-72
R,S,-74,-88,-66
R,S,-70,-72,-72
R,S,-69,-72,-73
R,S,-74,-72,-66
R,S,-74,-72,-73
R,S,-70,-72,-72
R,S,-74,-72,-65
R,S,-70,-72,-72
R,S,-70,-72,-72
R,S,-69,-76,-72
R,S,-70,-71,-72
R,S,-70,-72,-68
R,S,-74,-87,-68
R,S,-70,-73,-72
R,S,-70,-72,-73
R,S,-75,-88,-65
R,S,-69,-72,-72
R,S,-69,-72,-72
R,S,-73,-72,-72
R,E,-80,-84,-70
R,E,-75,-85,-68
R,E,-75,-83,-70
R,E,-81,-84,-68
R,E,-75,-82,-72
R,E,-76,-83,-70
R,E,-81,-85,-68
R,E,-75,-83,-71
R,E,-76,-83,-71
R,E,-80,-84,-71
R,E,-76,-84,-71
R,E,-76,-84,-71
R,E,-76,-84,-68
R,E,-75,-84,-71
R,E,-76,-83,-70
R,E,-83,-82,-68
R,E,-75,-84,-71
R,E,-78,-84,-76
R,E,-81,-84,-68
R,E,-75,-82,-71
R,E,-80,-84,-68
R,E,-81,-85,-68
R,E,-76,-83,-70
R,E,-82,-83,-78
R,E,-81,-83,-68
R,E,-75,-83,-71
R,E,-76,-83,-71
R,E,-81,-84,-68
R,E,-76,-83,-71
R,E,-81,-82,-68
R,E,-83,-83,-77
R,E,-76,-83,-71
R,E,-82,-84,-75
R,E,-76,-84,-71
R,E,-76,-83,-71
R,E,-82,-83,-68
R,E,-76,-83,-71
R,E,-75,-83,-71
R,E,-80,-82,-68
R,E,-76,-82,-71
R,E,-76,-83,-71
R,E,-81,-83,-69
R,E,-76,-83,-70
R,E,-76,-82,-71
R,E,-81,-83,-69
R,E,-76,-83,-71
R,E,-76,-83,-77
R,E,-81,-82,-68
R,E,-76,-84,-71
R,E,-81,-83,-68
R,E,-79,-83,-69
R,E,-80,-83,-68
R,E,-77,-83,-71
R,E,-81,-82,-68
R,E,-77,-83,-71
R,E,-81,-83,-69
R,E,-81,-84,-76
R,E,-81,-84,-71
R,E,-76,-82,-71
R,E,-81,-82,-68
R,E,-76,-83,-71
R,E,-82,-82,-77
R,E,-83,-83,-71
R,E,-77,-84,-71
R,E,-81,-83,-68
R,E,-76,-82,-75
R,E,-77,-83,-68
R,E,-81,-82,-69
R,E,-76,-82,-71
R,E,-76,-82,-71
R,E,-82,-82,-69
R,E,-81,-83,-71
R,E,-76,-83,-71
R,E,-81,-82,-68
R,E,-76,-83,-71
R,E,-83,-83,-75
R,E,-81,-83,-69
R,E,-76,-82,-71
R,E,-76,-83,-72
R,E,-76,-82,-68
R,E,-77,-83,-72
R,E,-76,-83,-71
R,E,-81,-84,-69
R,E,-76,-84,-71
R,E,-75,-82,-71
R,E,-81,-82,-71
R,E,-76,-83,-71
R,E,-76,-83,-72
R,E,-81,-82,-68
R,E,-76,-82,-72
R,E,-81,-82,-69
R,E,-81,-83,-69
R,E,-76,-83,-71
R,E,-76,-83,-71
R,E,-81,-83,-69
R,E,-81,-83,-71
R,E,-80,-82,-68
R,E,-76,-82,-71
R,E,-81,-82,-72
R,E,-80,-83,-69
B1,N,-82,-73,-66
B1,N,-82,-72,-64
B1,N,-83,-72,-65
B1,N,-83,-87,-66
B1,N,-81,-72,-65
B1,N,-82,-73,-70
B1,N,-83,-89,-66
B1,N,-83,-72,-64
B1,N,-81,-72,-70
B1,N,-82,-89,-66
B1,N,-83,-88,-70
B1,N,-83,-72,-65
B1,N,-83,-87,-65
B1,N,-83,-72,-65
B1,N,-84,-71,-64
B1,N,-82,-72,-65
B1,N,-84,-72,-64
B1,N,-83,-87,-67
B1,N,-84,-88,-66
B1,N,-84,-72,-68
B1,N,-83,-89,-67
B1,N,-81,-74,-67
B1,N,-84,-72,-64
B1,N,-84,-88,-67
B1,N,-81,-72,-65
B1,N,-84,-72,-64
B1,N,-82,-88,-67
B1,N,-84,-89,-66
B1,N,-85,-72,-65
B1,N,-84,-89,-66
B1,N,-85,-72,-65
B1,N,-85,-72,-65
B1,N,-84,-75,-67
B1,N,-85,-89,-65
B1,N,-83,-89,-70
B1,N,-82,-90,-67
B1,N,-85,-71,-65
B1,N,-85,-72,-65
B1,N,-84,-90,-72
B1,N,-85,-72,-65
B1,N,-85,-71,-65
B1,N,-85,-72,-67
B1,N,-85,-71,-65
B1,N,-85,-72,-65
B1,N,-85,-73,-65
B1,N,-84,-74,-64
B1,N,-85,-72,-65
B1,N,-84,-72,-67
B1,N,-85,-71,-65
B1,N,-84,-71,-68
B1,N,-83,-72,-68
B1,N,-85,-72,-67
B1,N,-83,-89,-68
B1,N,-84,-72,-71
B1,N,-82,-71,-65
B1,N,-84,-90,-67
B1,N,-85,-72,-66
B1,N,-86,-71,-65
B1,N,-84,-72,-67
B1,N,-83,-71,-65
B1,N,-84,-72,-65
B1,N,-87,-90,-68
B1,N,-84,-73,-72
B1,N,-85,-71,-66
B1,N,-84,-92,-73
B1,N,-85,-71,-66
B1,N,-86,-90,-68
B1,N,-84,-71,-72
B1,N,-84,-92,-68
B1,N,-86,-71,-65
B1,N,-84,-89,-66
B1,N,-86,-71,-66
B1,N,-87,-72,-66
B1,N,-84,-92,-68
B1,N,-86,-71,-66
B1,N,-86,-71,-66
B1,N,-84,-75,-68
B1,N,-85,-71,-66
B1,N,-86,-71,-65
B1,N,-87,-71,-68
B1,N,-86,-71,-67
B1,N,-87,-71,-66
B1,N,-84,-91,-69
B1,N,-87,-71,-66
B1,N,-87,-72,-66
B1,N,-85,-93,-67
B1,N,-85,-71,-67
B1,N,-86,-71,-66
B1,N,-86,-71,-67
B1,N,-87,-71,-66
B1,N,-84,-92,-69
B1,N,-85,-71,-66
B1,N,-83,-71,-67
B1,N,-84,-92,-69
B1,N,-86,-71,-67
B1,N,-87,-70,-66
B1,N,-86,-91,-68
B1,N,-84,-71,-72
B1,N,-87,-72,-66
B1,N,-83,-71,-68
B1,W,-84,-69,-65
B1,W,-83,-72,-65
B1,W,-83,-71,-65
B1,W,-85,-69,-67
B1,W,-82,-72,-65
B1,W,-84,-73,-65
B1,W,-84,-69,-66
B1,W,-83,-72,-66
B1,W,-85,-69,-65
B1,W,-84,-74,-66
B1,W,-84,-73,-65
B1,W,-84,-69,-64
B1,W,-84,-73,-64
B1,W,-83,-72,-65
B1,W,-84,-69,-64
B1,W,-85,-72,-65
B1,W,-84,-72,-65
B1,W,-84,-69,-64
B1,W,-84,-72,-65
B1,W,-83,-72,-65
B1,W,-83,-69,-66
B1,W,-84,-72,-67
B1,W,-82,-73,-65
B1,W,-84,-74,-65
B1,W,-83,-72,-65
B1,W,-84,-75,-65
B1,W,-83,-69,-65
B1,W,-83,-72,-65
B1,W,-83,-72,-64
B1,W,-84,-69,-64
B1,W,-83,-70,-65
B1,W,-84,-72,-65
B1,W,-84,-69,-64
B1,W,-84,-69,-65
B1,W,-85,-73,-66
B1,W,-84,-69,-64
B1,W,-83,-73,-65
B1,W,-86,-69,-64
B1,W,-83,-72,-66
B1,W,-83,-71,-66
B1,W,-84,-67,-64
B1,W,-83,-72,-64
B1,W,-83,-74,-65
B1,W,-85,-69,-64
B1,W,-85,-72,-67
B1,W,-83,-72,-65
B1,W,-84,-69,-64
B1,W,-83,-69,-65
B1,W,-83,-72,-66
B1,W,-85,-69,-65
B1,W,-84,-72,-65
B1,W,-83,-72,-65
B1,W,-83,-69,-64
B1,W,-83,-72,-65
B1,W,-84,-72,-67
B1,W,-84,-72,-64
B1,W,-83,-69,-65
B1,W,-84,-69,-65
B1,W,-86,-69,-64
B1,W,-83,-72,-66
B1,W,-83,-72,-65
B1,W,-84,-69,-65
B1,W,-84,-68,-65
B1,W,-83,-71,-65
B1,W,-85,-69,-64
B1,W,-83,-72,-65
B1,W,-84,-69,-65
B1,W,-83,-69,-65
B1,W,-83,-72,-65
B1,W,-83,-73,-66
B1,W,-85,-69,-64
B1,W,-84,-72,-65
B1,W,-85,-69,-64
B1,W,-83,-72,-66
B1,W,-83,-72,-66
B1,W,-84,-69,-64
B1,W,-83,-72,-65
B1,W,-85,-72,-68
B1,W,-84,-69,-64
B1,W,-85,-72,-65
B1,W,-82,-69,-66
B1,W,-84,-68,-65
B1,W,-82,-72,-65
B1,W,-83,-72,-65
B1,W,-85,-69,-67
B1,W,-81,-71,-63
B1,W,-85,-72,-67
B1,W,-82,-70,-66
B1,W,-83,-72,-64
B1,W,-83,-72,-65
B1,W,-82,-69,-64
B1,W,-83,-72,-65
B1,W,-84,-69,-64
B1,W,-84,-72,-64
B1,W,-82,-71,-65
B1,W,-83,-71,-65
B1,W,-84,-72,-65
B1,W,-82,-72,-65
B1,W,-84,-72,-67
B1,W,-83,-72,-67
B1,S,-88,-74,-71
B1,S,-85,-74,-57
B1,S,-91,-74,-59
B1,S,-89,-73,-71
B1,S,-89,-74,-57
B1,S,-86,-74,-57
B1,S,-88,-74,-57
B1,S,-86,-73,-58
B1,S,-86,-74,-57
B1,S,-89,-70,-58
B1,S,-86,-73,-57
B1,S,-88,-74,-58
B1,S,-88,-73,-57
B1,S,-88,-74,-57
B1,S,-87,-74,-57
B1,S,-89,-71,-71
B1,S,-87,-74,-58
B1,S,-85,-73,-58
B1,S,-89,-73,-71
B1,S,-86,-74,-58
B1,S,-87,-74,-58
B1,S,-86,-70,-58
B1,S,-87,-73,-57
B1,S,-86,-74,-57
B1,S,-87,-73,-72
B1,S,-87,-74,-57
B1,S,-87,-74,-57
B1,S,-86,-74,-58
B1,S,-86,-73,-58
B1,S,-87,-73,-72
B1,S,-86,-72,-71
B1,S,-87,-73,-57
B1,S,-88,-72,-58
B1,S,-86,-74,-57
B1,S,-85,-73,-57
B1,S,-87,-72,-71
B1,S,-88,-72,-60
B1,S,-86,-74,-57
B1,S,-86,-73,-57
B1,S,-87,-73,-57
B1,S,-85,-74,-58
B1,S,-91,-72,-72
B1,S,-87,-72,-57
B1,S,-85,-74,-57
B1,S,-86,-76,-72
B1,S,-86,-74,-58
B1,S,-86,-73,-57
B1,S,-88,-73,-71
B1,S,-84,-74,-58
B1,S,-86,-74,-57
B1,S,-86,-73,-72
B1,S,-86,-74,-58
B1,S,-87,-74,-72
B1,S,-86,-73,-72
B1,S,-86,-74,-57
B1,S,-87,-74,-70
B1,S,-85,-73,-57
B1,S,-86,-74,-57
B1,S,-87,-73,-72
B1,S,-88,-73,-57
B1,S,-85,-73,-57
B1,S,-87,-72,-71
B1,S,-86,-74,-58
B1,S,-86,-73,-58
B1,S,-86,-73,-58
B1,S,-87,-72,-57
B1,S,-86,-74,-57
B1,S,-85,-72,-71
B1,S,-86,-74,-58
B1,S,-86,-74,-57
B1,S,-88,-71,-57
B1,S,-86,-74,-57
B1,S,-86,-74,-58
B1,S,-87,-73,-59
B1,S,-86,-74,-57
B1,S,-95,-72,-58
B1,S,-85,-72,-57
B1,S,-86,-74,-57
B1,S,-87,-72,-57
B1,S,-88,-71,-57
B1,S,-87,-74,-57
B1,S,-86,-74,-57
B1,S,-85,-74,-57
B1,S,-86,-73,-58
B1,S,-87,-70,-60
B1,S,-85,-74,-59
B1,S,-87,-74,-57
B1,S,-85,-74,-58
B1,S,-89,-73,-57
B1,S,-86,-73,-58
B1,S,-86,-72,-72
B1,S,-88,-71,-58
B1,S,-86,-74,-58
B1,S,-88,-73,-72
B1,S,-87,-70,-57
B1,S,-87,-74,-58
B1,S,-86,-72,-69
B1,S,-87,-73,-57
B1,S,-87,-74,-57
B1,S,-87,-73,-72
B1,E,-90,-69,-64
B1,E,-81,-75,-65
B1,E,-85,-69,-64
B1,E,-81,-69,-63
B1,E,-84,-74,-65
B1,E,-84,-69,-64
B1,E,-82,-74,-64
B1,E,-81,-73,-64
B1,E,-83,-68,-64
B1,E,-84,-69,-64
B1,E,-80,-74,-64
B1,E,-84,-69,-64
B1,E,-82,-74,-64
B1,E,-81,-74,-64
B1,E,-80,-69,-65
B1,E,-79,-74,-65
B1,E,-81,-69,-64
B1,E,-84,-69,-64
B1,E,-79,-74,-64
B1,E,-84,-69,-65
B1,E,-92,-79,-67
B1,E,-82,-75,-67
B1,E,-81,-69,-65
B1,E,-82,-69,-64
B1,E,-85,-74,-64
B1,E,-84,-69,-65
B1,E,-85,-69,-65
B1,E,-81,-69,-64
B1,E,-84,-69,-65
B1,E,-85,-69,-65
B1,E,-84,-74,-65
B1,E,-84,-69,-65
B1,E,-86,-69,-65
B1,E,-93,-74,-64
B1,E,-84,-68,-65
B1,E,-84,-74,-66
B1,E,-81,-69,-65
B1,E,-84,-69,-65
B1,E,-85,-68,-64
B1,E,-84,-75,-65
B1,E,-85,-69,-65
B1,E,-85,-69,-65
B1,E,-79,-69,-65
B1,E,-85,-83,-65
B1,E,-85,-69,-65
B1,E,-81,-69,-65
B1,E,-85,-68,-65
B1,E,-81,-74,-64
B1,E,-83,-69,-64
B1,E,-85,-69,-65
B1,E,-81,-74,-64
B1,E,-81,-69,-64
B1,E,-85,-69,-65
B1,E,-81,-75,-65
B1,E,-85,-74,-66
B1,E,-85,-69,-65
B1,E,-80,-69,-64
B1,E,-85,-69,-65
B1,E,-84,-69,-65
B1,E,-80,-75,-65
B1,E,-81,-73,-65
B1,E,-86,-69,-65
B1,E,-80,-74,-65
B1,E,-86,-69,-66
B1,E,-84,-69,-66
B1,E,-81,-73,-64
B1,E,-85,-69,-65
B1,E,-93,-81,-66
B1,E,-84,-81,-65
B1,E,-85,-69,-64
B1,E,-84,-80,-64
B1,E,-86,-75,-65
B1,E,-85,-74,-65
B1,E,-80,-75,-64
B1,E,-80,-82,-65
B1,E,-85,-68,-65
B1,E,-80,-74,-64
B1,E,-82,-69,-64
B1,E,-81,-75,-64
B1,E,-85,-82,-65
B1,E,-87,-69,-65
B1,E,-86,-69,-65
B1,E,-90,-69,-66
B1,E,-80,-74,-65
B1,E,-85,-68,-65
B1,E,-80,-75,-64
B1,E,-81,-74,-64
B1,E,-84,-69,-65
B1,E,-85,-74,-65
B1,E,-87,-68,-65
B1,E,-85,-80,-66
B1,E,-81,-75,-64
B1,E,-86,-82,-66
B1,E,-85,-69,-65
B1,E,-81,-74,-64
B1,E,-86,-69,-65
B1,E,-85,-69,-65
B1,E,-81,-75,-64
B1,E,-81,-74,-64
B1,E,-90,-75,-66
W,N,-66,-68,-66
W,N,-70,-72,-66
W,N,-67,-62,-70
W,N,-70,-68,-66
W,N,-71,-73,-76
W,N,-67,-63,-71
W,N,-71,-68,-66
W,N,-66,-73,-71
W,N,-67,-63,-71
W,N,-71,-67,-65
W,N,-71,-68,-66
W,N,-66,-73,-71
W,N,-71,-67,-74
W,N,-67,-68,-72
W,N,-67,-63,-71
W,N,-77,-68,-75
W,N,-71,-64,-75
W,N,-67,-63,-72
W,N,-71,-67,-66
W,N,-67,-63,-71
W,N,-66,-63,-72
W,N,-67,-63,-71
W,N,-72,-67,-65
W,N,-77,-63,-75
W,N,-67,-72,-75
W,N,-67,-64,-72
W,N,-77,-73,-76
W,N,-72,-67,-66
W,N,-67,-68,-71
W,N,-67,-63,-72
W,N,-72,-67,-72
W,N,-67,-63,-72
W,N,-66,-63,-72
W,N,-71,-63,-65
W,N,-66,-63,-72
W,N,-72,-67,-65
W,N,-72,-64,-72
W,N,-67,-64,-72
W,N,-76,-64,-66
W,N,-77,-63,-72
W,N,-72,-66,-66
W,N,-71,-68,-66
W,N,-78,-68,-65
W,N,-67,-63,-72
W,N,-74,-67,-66
W,N,-67,-63,-65
W,N,-78,-64,-72
W,N,-72,-68,-66
W,N,-72,-68,-72
W,N,-72,-64,-72
W,N,-72,-67,-66
W,N,-67,-64,-72
W,N,-77,-74,-66
W,N,-72,-67,-66
W,N,-67,-66,-66
W,N,-67,-64,-72
W,N,-67,-67,-72
W,N,-67,-64,-72
W,N,-67,-64,-72
W,N,-72,-64,-72
W,N,-67,-64,-73
W,N,-67,-64,-72
W,N,-67,-64,-66
W,N,-67,-64,-71
W,N,-67,-64,-72
W,N,-67,-66,-66
W,N,-67,-64,-72
W,N,-72,-68,-65
W,N,-67,-64,-72
W,N,-72,-64,-72
W,N,-71,-67,-66
W,N,-67,-73,-72
W,N,-77,-73,-76
W,N,-72,-67,-66
W,N,-67,-67,-66
W,N,-67,-64,-72
W,N,-73,-67,-66
W,N,-72,-67,-72
W,N,-67,-64,-72
W,N,-78,-64,-66
W,N,-72,-64,-66
W,N,-67,-64,-73
W,N,-72,-65,-66
W,N,-66,-64,-65
W,N,-67,-64,-72
W,N,-67,-74,-74
W,N,-68,-64,-65
W,N,-78,-72,-76
W,N,-67,-74,-66
W,N,-67,-65,-73
W,N,-67,-73,-72
W,N,-72,-68,-72
W,N,-67,-64,-72
W,N,-66,-65,-72
W,N,-67,-68,-65
W,N,-77,-64,-72
W,N,-67,-64,-73
W,N,-67,-67,-72
W,N,-67,-65,-73
W,N,-67,-64,-73
W,W,-67,-75,-66
W,W,-63,-73,-59
W,W,-72,-76,-86
W,W,-63,-75,-66
W,W,-63,-73,-59
W,W,-63,-73,-59
W,W,-67,-73,-66
W,W,-63,-74,-58
W,W,-63,-73,-58
W,W,-67,-73,-66
W,W,-63,-73,-59
W,W,-72,-74,-58
W,W,-67,-74,-84
W,W,-63,-73,-58
W,W,-72,-77,-85
W,W,-64,-75,-59
W,W,-63,-77,-58
W,W,-63,-74,-58
W,W,-67,-74,-66
W,W,-67,-74,-58
W,W,-68,-75,-65
W,W,-71,-75,-84
W,W,-68,-73,-59
W,W,-68,-75,-65
W,W,-63,-74,-57
W,W,-63,-73,-58
W,W,-68,-73,-66
W,W,-63,-73,-58
W,W,-63,-74,-65
W,W,-67,-75,-66
W,W,-63,-73,-58
W,W,-63,-74,-58
W,W,-68,-75,-66
W,W,-63,-74,-59
W,W,-63,-74,-57
W,W,-67,-75,-66
W,W,-68,-74,-57
W,W,-63,-74,-57
W,W,-67,-74,-66
W,W,-63,-74,-57
W,W,-63,-74,-58
W,W,-68,-74,-64
W,W,-63,-73,-58
W,W,-72,-77,-83
W,W,-64,-74,-66
W,W,-63,-74,-58
W,W,-63,-74,-58
W,W,-68,-74,-65
W,W,-63,-74,-57
W,W,-64,-74,-58
W,W,-68,-74,-58
W,W,-63,-74,-83
W,W,-72,-77,-58
W,W,-63,-77,-58
W,W,-67,-74,-58
W,W,-67,-75,-65
W,W,-67,-74,-65
W,W,-63,-74,-58
W,W,-72,-77,-58
W,W,-64,-74,-82
W,W,-63,-74,-57
W,W,-68,-74,-66
W,W,-67,-74,-58
W,W,-64,-74,-58
W,W,-67,-76,-65
W,W,-64,-74,-65
W,W,-63,-74,-58
W,W,-68,-74,-58
W,W,-63,-74,-57
W,W,-63,-74,-58
W,W,-67,-75,-65
W,W,-64,-75,-58
W,W,-63,-74,-58
W,W,-63,-74,-58
W,W,-63,-74,-58
W,W,-67,-74,-65
W,W,-63,-74,-65
W,W,-67,-74,-57
W,W,-67,-74,-57
W,W,-67,-74,-57
W,W,-63,-75,-57
W,W,-67,-74,-65
W,W,-67,-74,-58
W,W,-63,-74,-58
W,W,-63,-74,-57
W,W,-63,-74,-66
W,W,-63,-74,-57
W,W,-71,-78,-65
W,W,-63,-75,-58
W,W,-63,-75,-58
W,W,-63,-74,-58
W,W,-68,-74,-57
W,W,-63,-74,-57
W,W,-63,-74,-58
W,W,-68,-74,-57
W,W,-63,-75,-57
W,W,-68,-74,-65
W,W,-63,-74,-58
W,W,-64,-74,-57
W,W,-67,-74,-66
W,S,-71,-72,-60
W,S,-70,-73,-60
W,S,-67,-67,-65
W,S,-67,-77,-64
W,S,-68,-67,-59
W,S,-67,-67,-64
W,S,-67,-67,-64
W,S,-67,-72,-59
W,S,-66,-67,-64
W,S,-66,-66,-64
W,S,-67,-66,-60
W,S,-66,-66,-64
W,S,-71,-73,-60
W,S,-67,-76,-64
W,S,-67,-67,-64
W,S,-71,-73,-60
W,S,-67,-77,-70
W,S,-67,-67,-64
W,S,-71,-73,-60
W,S,-66,-73,-64
W,S,-67,-67,-64
W,S,-72,-73,-59
W,S,-67,-66,-64
W,S,-83,-73,-70
W,S,-67,-73,-70
W,S,-67,-67,-64
W,S,-67,-66,-64
W,S,-71,-74,-60
W,S,-71,-67,-64
W,S,-83,-75,-70
W,S,-84,-76,-64
W,S,-66,-66,-64
W,S,-71,-73,-60
W,S,-71,-73,-64
W,S,-67,-67,-64
W,S,-66,-66,-64
W,S,-67,-67,-71
W,S,-66,-66,-64
W,S,-67,-67,-64
W,S,-71,-73,-64
W,S,-66,-66,-64
W,S,-66,-66,-64
W,S,-66,-74,-60
W,S,-67,-67,-64
W,S,-71,-73,-60
W,S,-71,-67,-71
W,S,-67,-66,-64
W,S,-71,-73,-60
W,S,-71,-73,-64
W,S,-67,-66,-64
W,S,-70,-74,-60
W,S,-67,-66,-64
W,S,-66,-67,-64
W,S,-71,-75,-64
W,S,-67,-67,-63
W,S,-66,-67,-64
W,S,-71,-73,-60
W,S,-67,-66,-63
W,S,-66,-67,-64
W,S,-71,-73,-60
W,S,-66,-66,-64
W,S,-71,-74,-60
W,S,-71,-66,-64
W,S,-66,-66,-64
W,S,-67,-66,-64
W,S,-66,-74,-59
W,S,-66,-66,-64
W,S,-67,-66,-64
W,S,-71,-74,-59
W,S,-67,-66,-63
W,S,-66,-66,-64
W,S,-71,-73,-60
W,S,-66,-66,-64
W,S,-67,-66,-64
W,S,-71,-66,-60
W,S,-71,-66,-64
W,S,-71,-73,-60
W,S,-66,-73,-60
W,S,-67,-66,-63
W,S,-83,-75,-64
W,S,-72,-74,-64
W,S,-71,-66,-64
W,S,-70,-74,-60
W,S,-67,-66,-60
W,S,-66,-66,-64
W,S,-71,-74,-60
W,S,-67,-66,-63
W,S,-67,-66,-64
W,S,-71,-73,-59
W,S,-70,-74,-60
W,S,-71,-66,-72
W,S,-71,-73,-60
W,S,-83,-74,-64
W,S,-67,-66,-63
W,S,-84,-73,-60
W,S,-71,-65,-63
W,S,-66,-66,-63
W,S,-71,-73,-60
W,S,-67,-66,-64
W,S,-67,-66,-63
W,E,-72,-60,-70
W,E,-72,-61,-63
W,E,-72,-60,-70
W,E,-82,-72,-85
W,E,-83,-60,-70
W,E,-73,-59,-70
W,E,-72,-61,-63
W,E,-72,-61,-63
W,E,-73,-59,-70
W,E,-72,-61,-64
W,E,-72,-60,-63
W,E,-83,-59,-70
W,E,-72,-61,-63
W,E,-73,-60,-70
W,E,-73,-59,-70
W,E,-72,-59,-63
W,E,-73,-60,-70
W,E,-73,-60,-70
W,E,-83,-61,-63
W,E,-72,-61,-63
W,E,-71,-60,-63
W,E,-72,-72,-63
W,E,-72,-60,-70
W,E,-73,-60,-70
W,E,-72,-60,-64
W,E,-73,-60,-71
W,E,-73,-60,-70
W,E,-71,-61,-70
W,E,-72,-59,-70
W,E,-73,-60,-70
W,E,-72,-60,-63
W,E,-73,-60,-70
W,E,-83,-71,-86
W,E,-72,-73,-63
W,E,-73,-59,-70
W,E,-73,-59,-70
W,E,-73,-61,-70
W,E,-73,-59,-70
W,E,-71,-61,-63
W,E,-73,-60,-63
W,E,-73,-58,-70
W,E,-72,-60,-63
W,E,-72,-60,-70
W,E,-73,-60,-70
W,E,-71,-61,-63
W,E,-74,-72,-70
W,E,-73,-60,-70
W,E,-83,-60,-63
W,E,-72,-60,-63
W,E,-74,-59,-70
W,E,-72,-59,-63
W,E,-72,-59,-70
W,E,-73,-60,-70
W,E,-72,-61,-63
W,E,-73,-60,-71
W,E,-73,-60,-70
W,E,-73,-61,-63
W,E,-73,-60,-70
W,E,-73,-59,-71
W,E,-73,-61,-63
W,E,-73,-60,-70
W,E,-73,-59,-70
W,E,-72,-60,-70
W,E,-73,-60,-70
W,E,-84,-61,-63
W,E,-83,-60,-86
W,E,-72,-60,-70
W,E,-72,-72,-87
W,E,-84,-57,-70
W,E,-73,-60,-69
W,E,-72,-61,-63
W,E,-73,-60,-70
W,E,-74,-59,-70
W,E,-72,-61,-63
W,E,-72,-60,-70
W,E,-73,-59,-70
W,E,-72,-72,-63
W,E,-72,-60,-63
W,E,-72,-59,-70
W,E,-72,-60,-63
W,E,-73,-58,-63
W,E,-73,-59,-70
W,E,-73,-61,-63
W,E,-73,-60,-70
W,E,-72,-59,-70
W,E,-72,-61,-63
W,E,-72,-59,-70
W,E,-72,-60,-69
W,E,-72,-60,-63
W,E,-73,-59,-69
W,E,-73,-58,-70
W,E,-73,-61,-63
W,E,-73,-60,-70
W,E,-73,-60,-70
W,E,-73,-58,-63
W,E,-73,-60,-69
W,E,-72,-60,-63
W,E,-72,-72,-64
W,E,-73,-60,-69
W,E,-72,-60,-63
H,N,-79,-68,-61
H,N,-84,-65,-57
H,N,-78,-68,-57
H,N,-79,-68,-61
H,N,-78,-68,-60
H,N,-75,-68,-58
H,N,-78,-68,-60
H,N,-85,-65,-57
H,N,-78,-65,-57
H,N,-78,-68,-60
H,N,-84,-65,-57
H,N,-73,-68,-57
H,N,-74,-67,-58
H,N,-84,-65,-57
H,N,-78,-67,-60
H,N,-74,-67,-58
H,N,-85,-65,-57
H,N,-74,-67,-61
H,N,-78,-68,-61
H,N,-83,-65,-58
H,N,-78,-68,-61
H,N,-78,-68,-61
H,N,-83,-65,-60
H,N,-79,-65,-61
H,N,-79,-68,-61
H,N,-79,-66,-57
H,N,-83,-68,-61
H,N,-78,-67,-61
H,N,-73,-66,-61
H,N,-78,-67,-60
H,N,-78,-68,-61
H,N,-75,-68,-61
H,N,-84,-68,-61
H,N,-84,-65,-57
H,N,-79,-66,-58
H,N,-80,-67,-58
H,N,-73,-68,-58
H,N,-80,-65,-57
H,N,-79,-67,-61
H,N,-80,-68,-61
H,N,-74,-68,-57
H,N,-79,-68,-60
H,N,-84,-65,-57
H,N,-83,-65,-58
H,N,-80,-68,-61
H,N,-79,-68,-61
H,N,-84,-68,-60
H,N,-80,-67,-61
H,N,-79,-67,-61
H,N,-79,-66,-57
H,N,-78,-68,-61
H,N,-83,-65,-57
H,N,-79,-65,-58
H,N,-78,-68,-61
H,N,-83,-66,-57
H,N,-78,-68,-61
H,N,-73,-67,-57
H,N,-80,-65,-57
H,N,-80,-67,-61
H,N,-79,-68,-61
H,N,-73,-65,-57
H,N,-79,-65,-57
H,N,-79,-67,-61
H,N,-84,-65,-57
H,N,-79,-66,-62
H,N,-80,-68,-61
H,N,-74,-65,-58
H,N,-80,-68,-61
H,N,-77,-68,-61
H,N,-83,-67,-61
H,N,-79,-67,-61
H,N,-83,-65,-57
H,N,-84,-68,-58
H,N,-79,-67,-61
H,N,-78,-68,-61
H,N,-78,-65,-57
H,N,-81,-68,-58
H,N,-80,-69,-61
H,N,-83,-67,-57
H,N,-79,-68,-61
H,N,-78,-68,-62
H,N,-79,-68,-61
H,N,-79,-67,-61
H,N,-73,-67,-58
H,N,-71,-68,-61
H,N,-78,-68,-61
H,N,-83,-65,-57
H,N,-83,-67,-57
H,N,-78,-68,-61
H,N,-83,-65,-57
H,N,-78,-65,-61
H,N,-79,-68,-61
H,N,-84,-68,-58
H,N,-83,-68,-61
H,N,-79,-68,-61
H,N,-83,-68,-57
H,N,-80,-67,-61
H,N,-72,-68,-58
H,N,-83,-68,-58
H,N,-79,-68,-61
H,W,-75,-71,-55
H,W,-68,-67,-48
H,W,-68,-67,-49
H,W,-68,-69,-55
H,W,-68,-67,-49
H,W,-71,-68,-55
H,W,-71,-71,-56
H,W,-67,-67,-47
H,W,-71,-69,-55
H,W,-75,-68,-56
H,W,-67,-67,-48
H,W,-67,-67,-49
H,W,-67,-68,-55
H,W,-67,-68,-49
H,W,-70,-68,-55
H,W,-67,-67,-49
H,W,-67,-67,-49
H,W,-71,-68,-55
H,W,-70,-67,-55
H,W,-68,-67,-57
H,W,-71,-68,-55
H,W,-71,-67,-48
H,W,-68,-67,-49
H,W,-71,-71,-56
H,W,-70,-69,-49
H,W,-68,-67,-48
H,W,-70,-68,-55
H,W,-71,-67,-48
H,W,-68,-67,-56
H,W,-70,-68,-55
H,W,-71,-69,-55
H,W,-76,-71,-57
H,W,-71,-68,-55
H,W,-68,-67,-49
H,W,-75,-67,-48
H,W,-71,-71,-57
H,W,-67,-69,-48
H,W,-68,-67,-48
H,W,-70,-67,-48
H,W,-68,-67,-49
H,W,-67,-67,-48
H,W,-76,-69,-50
H,W,-68,-67,-48
H,W,-68,-68,-49
H,W,-67,-67,-55
H,W,-67,-67,-47
H,W,-70,-69,-55
H,W,-70,-68,-55
H,W,-75,-71,-47
H,W,-71,-69,-55
H,W,-70,-68,-55
H,W,-68,-67,-49
H,W,-71,-71,-57
H,W,-68,-67,-55
H,W,-67,-68,-49
H,W,-71,-68,-55
H,W,-71,-67,-49
H,W,-67,-67,-49
H,W,-76,-68,-49
H,W,-71,-67,-55
H,W,-68,-67,-49
H,W,-71,-68,-55
H,W,-70,-67,-49
H,W,-67,-67,-49
H,W,-71,-68,-55
H,W,-67,-67,-48
H,W,-68,-67,-48
H,W,-72,-68,-55
H,W,-68,-67,-49
H,W,-75,-67,-57
H,W,-68,-68,-55
H,W,-68,-67,-49
H,W,-67,-67,-49
H,W,-71,-68,-55
H,W,-67,-67,-48
H,W,-68,-67,-48
H,W,-71,-69,-55
H,W,-67,-67,-49
H,W,-68,-68,-49
H,W,-71,-69,-48
H,W,-67,-67,-49
H,W,-68,-67,-49
H,W,-76,-68,-48
H,W,-67,-67,-49
H,W,-71,-68,-56
H,W,-68,-67,-48
H,W,-67,-67,-49
H,W,-70,-68,-55
H,W,-70,-68,-55
H,W,-68,-68,-55
H,W,-70,-69,-55
H,W,-68,-67,-55
H,W,-67,-67,-48
H,W,-70,-69,-55
H,W,-70,-67,-49
H,W,-68,-69,-48
H,W,-71,-68,-55
H,W,-76,-68,-57
H,W,-67,-67,-48
H,W,-70,-68,-55
H,S,-71,-67,-49
H,S,-71,-64,-50
H,S,-72,-64,-49
H,S,-72,-63,-49
H,S,-82,-66,-51
H,S,-72,-64,-49
H,S,-71,-64,-50
H,S,-71,-65,-49
H,S,-72,-63,-49
H,S,-71,-64,-49
H,S,-72,-64,-49
H,S,-71,-64,-50
H,S,-72,-64,-50
H,S,-72,-65,-49
H,S,-72,-63,-49
H,S,-72,-65,-50
H,S,-82,-64,-49
H,S,-72,-64,-49
H,S,-71,-64,-49
H,S,-72,-65,-50
H,S,-72,-64,-49
H,S,-71,-65,-50
H,S,-71,-64,-51
H,S,-71,-63,-49
H,S,-72,-67,-51
H,S,-72,-64,-49
H,S,-72,-64,-49
H,S,-71,-65,-50
H,S,-72,-64,-50
H,S,-82,-68,-56
H,S,-72,-65,-49
H,S,-72,-64,-49
H,S,-71,-64,-49
H,S,-83,-68,-57
H,S,-71,-64,-49
H,S,-71,-64,-49
H,S,-72,-64,-49
H,S,-72,-64,-49
H,S,-72,-63,-49
H,S,-71,-64,-49
H,S,-71,-64,-50
H,S,-72,-64,-49
H,S,-71,-65,-50
H,S,-71,-64,-50
H,S,-71,-63,-49
H,S,-71,-65,-49
H,S,-72,-64,-49
H,S,-72,-65,-51
H,S,-71,-65,-49
H,S,-72,-64,-49
H,S,-72,-65,-50
H,S,-81,-65,-57
H,S,-71,-64,-49
H,S,-72,-65,-51
H,S,-72,-65,-49
H,S,-72,-64,-50
H,S,-72,-65,-50
H,S,-71,-64,-50
H,S,-72,-65,-49
H,S,-72,-65,-50
H,S,-72,-64,-49
H,S,-82,-67,-50
H,S,-72,-65,-50
H,S,-72,-64,-49
H,S,-83,-64,-49
H,S,-71,-65,-50
H,S,-71,-63,-50
H,S,-72,-64,-49
H,S,-81,-67,-56
H,S,-72,-64,-49
H,S,-71,-64,-49
H,S,-72,-65,-51
H,S,-72,-64,-49
H,S,-72,-66,-56
H,S,-82,-65,-50
H,S,-71,-64,-49
H,S,-72,-65,-50
H,S,-83,-65,-50
H,S,-72,-65,-50
H,S,-71,-65,-50
H,S,-71,-68,-51
H,S,-71,-64,-49
H,S,-85,-64,-49
H,S,-72,-65,-49
H,S,-72,-64,-49
H,S,-71,-67,-56
H,S,-72,-64,-56
H,S,-71,-64,-49
H,S,-72,-65,-50
H,S,-72,-65,-50
H,S,-72,-64,-49
H,S,-84,-65,-50
H,S,-71,-64,-49
H,S,-72,-64,-50
H,S,-72,-66,-50
H,S,-71,-63,-50
H,S,-71,-64,-50
H,S,-72,-65,-50
H,S,-72,-65,-50
H,S,-71,-64,-50
H,E,-70,-69,-69
H,E,-76,-70,-68
H,E,-73,-69,-69
H,E,-70,-66,-59
H,E,-70,-66,-59
H,E,-70,-66,-63
H,E,-71,-66,-59
H,E,-74,-64,-63
H,E,-74,-66,-63
H,E,-70,-66,-59
H,E,-74,-65,-63
H,E,-70,-66,-59
H,E,-70,-66,-64
H,E,-77,-65,-68
H,E,-70,-64,-60
H,E,-71,-66,-59
H,E,-70,-65,-63
H,E,-70,-65,-59
H,E,-70,-66,-59
H,E,-71,-64,-64
H,E,-70,-66,-59
H,E,-70,-66,-59
H,E,-74,-66,-59
H,E,-70,-66,-59
H,E,-73,-64,-63
H,E,-74,-64,-63
H,E,-74,-64,-68
H,E,-70,-69,-69
H,E,-76,-65,-64
H,E,-71,-66,-59
H,E,-77,-64,-68
H,E,-74,-69,-60
H,E,-70,-65,-60
H,E,-75,-65,-63
H,E,-77,-64,-68
H,E,-77,-64,-63
H,E,-74,-65,-64
H,E,-71,-64,-59
H,E,-77,-64,-69
H,E,-74,-64,-64
H,E,-71,-65,-58
H,E,-74,-69,-60
H,E,-75,-69,-69
H,E,-74,-64,-63
H,E,-76,-65,-67
H,E,-74,-69,-67
H,E,-77,-64,-63
H,E,-70,-66,-60
H,E,-74,-64,-63
H,E,-74,-64,-63
H,E,-74,-69,-64
H,E,-74,-64,-63
H,E,-77,-66,-67
H,E,-70,-65,-59
H,E,-74,-64,-63
H,E,-70,-64,-64
H,E,-74,-69,-64
H,E,-74,-64,-63
H,E,-70,-65,-59
H,E,-76,-66,-68
H,E,-77,-64,-64
H,E,-74,-65,-59
H,E,-73,-66,-59
H,E,-74,-64,-63
H,E,-74,-68,-68
H,E,-70,-65,-58
H,E,-74,-69,-63
H,E,-77,-64,-68
H,E,-74,-64,-63
H,E,-74,-64,-59
H,E,-70,-65,-59
H,E,-71,-65,-59
H,E,-77,-69,-64
H,E,-70,-66,-59
H,E,-70,-65,-59
H,E,-71,-64,-64
H,E,-71,-65,-58
H,E,-74,-64,-63
H,E,-73,-66,-59
H,E,-74,-63,-63
H,E,-74,-69,-67
H,E,-74,-64,-63
H,E,-71,-66,-66
H,E,-70,-66,-59
H,E,-75,-64,-59
H,E,-70,-65,-59
H,E,-78,-69,-68
H,E,-74,-64,-63
H,E,-71,-65,-58
H,E,-75,-64,-63
H,E,-71,-65,-64
H,E,-71,-65,-59
H,E,-74,-64,-64
H,E,-71,-65,-59
H,E,-70,-65,-58
H,E,-74,-64,-64
H,E,-74,-65,-64
H,E,-71,-65,-59
H,E,-74,-64,-64
H,E,-71,-64,-59
B3,N,-80,-51,-66
B3,N,-80,-50,-77
B3,N,-68,-48,-69
B3,N,-79,-51,-76
B3,N,-68,-48,-66
B3,N,-68,-47,-76
B3,N,-80,-52,-66
B3,N,-69,-47,-67
B3,N,-68,-48,-67
B3,N,-81,-48,-76
B3,N,-68,-48,-66
B3,N,-63,-52,-75
B3,N,-79,-51,-75
B3,N,-68,-48,-67
B3,N,-68,-48,-66
B3,N,-80,-52,-66
B3,N,-68,-48,-66
B3,N,-80,-51,-76
B3,N,-63,-49,-66
B3,N,-68,-48,-66
B3,N,-80,-52,-75
B3,N,-64,-51,-76
B3,N,-69,-48,-66
B3,N,-79,-52,-76
B3,N,-81,-52,-66
B3,N,-64,-48,-66
B3,N,-80,-51,-77
B3,N,-81,-49,-66
B3,N,-68,-49,-67
B3,N,-68,-52,-76
B3,N,-68,-48,-66
B3,N,-63,-48,-70
B3,N,-64,-48,-75
B3,N,-79,-48,-67
B3,N,-68,-48,-67
B3,N,-80,-52,-66
B3,N,-68,-48,-67
B3,N,-69,-49,-66
B3,N,-65,-48,-76
B3,N,-69,-48,-67
B3,N,-69,-48,-66
B3,N,-69,-48,-69
B3,N,-68,-48,-66
B3,N,-64,-47,-69
B3,N,-79,-52,-75
B3,N,-68,-47,-66
B3,N,-68,-49,-66
B3,N,-63,-50,-67
B3,N,-68,-48,-67
B3,N,-68,-48,-67
B3,N,-80,-52,-70
B3,N,-69,-47,-67
B3,N,-64,-49,-70
B3,N,-64,-52,-66
B3,N,-69,-48,-66
B3,N,-68,-48,-66
B3,N,-68,-51,-66
B3,N,-69,-48,-66
B3,N,-80,-52,-76
B3,N,-64,-47,-70
B3,N,-68,-48,-76
B3,N,-80,-52,-76
B3,N,-79,-51,-76
B3,N,-69,-49,-67
B3,N,-80,-52,-78
B3,N,-68,-48,-66
B3,N,-68,-48,-67
B3,N,-69,-51,-67
B3,N,-79,-47,-76
B3,N,-69,-48,-66
B3,N,-76,-51,-67
B3,N,-69,-47,-66
B3,N,-68,-48,-66
B3,N,-77,-52,-77
B3,N,-68,-48,-66
B3,N,-64,-48,-66
B3,N,-65,-51,-77
B3,N,-69,-48,-67
B3,N,-80,-48,-67
B3,N,-69,-48,-77
B3,N,-69,-52,-76
B3,N,-69,-48,-66
B3,N,-69,-52,-69
B3,N,-69,-48,-66
B3,N,-69,-48,-67
B3,N,-69,-48,-77
B3,N,-69,-48,-67
B3,N,-68,-49,-67
B3,N,-69,-52,-76
B3,N,-69,-48,-66
B3,N,-80,-53,-66
B3,N,-69,-48,-66
B3,N,-69,-48,-67
B3,N,-64,-49,-70
B3,N,-64,-49,-70
B3,N,-69,-48,-67
B3,N,-64,-48,-70
B3,N,-79,-53,-75
B3,N,-64,-48,-76
B3,N,-64,-48,-70
B3,W,-65,-67,-74
B3,W,-65,-55,-67
B3,W,-66,-56,-68
B3,W,-65,-57,-69
B3,W,-65,-56,-66
B3,W,-74,-56,-69
B3,W,-73,-56,-75
B3,W,-66,-55,-68
B3,W,-66,-57,-69
B3,W,-66,-56,-69
B3,W,-66,-55,-75
B3,W,-73,-57,-68
B3,W,-73,-67,-75
B3,W,-66,-55,-67
B3,W,-74,-55,-75
B3,W,-73,-67,-75
B3,W,-65,-55,-77
B3,W,-67,-56,-69
B3,W,-73,-66,-75
B3,W,-74,-67,-67
B3,W,-66,-56,-69
B3,W,-66,-56,-69
B3,W,-64,-56,-69
B3,W,-66,-56,-69
B3,W,-66,-57,-69
B3,W,-64,-55,-67
B3,W,-66,-57,-70
B3,W,-65,-54,-67
B3,W,-65,-54,-69
B3,W,-65,-56,-69
B3,W,-73,-66,-76
B3,W,-73,-56,-75
B3,W,-66,-56,-69
B3,W,-65,-54,-67
B3,W,-65,-54,-69
B3,W,-66,-57,-69
B3,W,-65,-55,-66
B3,W,-73,-56,-75
B3,W,-74,-67,-67
B3,W,-65,-54,-67
B3,W,-65,-66,-69
B3,W,-66,-56,-69
B3,W,-67,-54,-67
B3,W,-66,-55,-69
B3,W,-65,-56,-69
B3,W,-65,-56,-74
B3,W,-66,-56,-69
B3,W,-73,-66,-75
B3,W,-66,-54,-67
B3,W,-65,-56,-74
B3,W,-66,-55,-69
B3,W,-65,-55,-75
B3,W,-65,-56,-69
B3,W,-66,-57,-69
B3,W,-65,-56,-67
B3,W,-66,-58,-75
B3,W,-65,-54,-67
B3,W,-66,-66,-67
B3,W,-66,-56,-69
B3,W,-66,-66,-69
B3,W,-66,-55,-70
B3,W,-65,-56,-70
B3,W,-66,-57,-69
B3,W,-65,-54,-67
B3,W,-66,-56,-69
B3,W,-66,-54,-67
B3,W,-66,-54,-67
B3,W,-66,-57,-69
B3,W,-65,-57,-69
B3,W,-66,-55,-67
B3,W,-66,-56,-69
B3,W,-66,-66,-74
B3,W,-66,-67,-69
B3,W,-65,-56,-69
B3,W,-73,-66,-75
B3,W,-66,-56,-68
B3,W,-66,-56,-69
B3,W,-65,-54,-67
B3,W,-65,-56,-69
B3,W,-65,-56,-69
B3,W,-66,-54,-67
B3,W,-75,-54,-66
B3,W,-73,-65,-67
B3,W,-65,-65,-67
B3,W,-65,-56,-68
B3,W,-65,-56,-75
B3,W,-65,-54,-67
B3,W,-65,-56,-69
B3,W,-65,-56,-69
B3,W,-65,-66,-67
B3,W,-74,-66,-74
B3,W,-65,-67,-76
B3,W,-74,-55,-67
B3,W,-65,-57,-69
B3,W,-65,-56,-69
B3,W,-65,-55,-69
B3,W,-66,-56,-69
B3,W,-65,-56,-69
B3,W,-65,-55,-68
B3,W,-66,-57,-69
B3,S,-67,-53,-66
B3,S,-67,-53,-66
B3,S,-72,-53,-72
B3,S,-71,-53,-66
B3,S,-67,-53,-66
B3,S,-71,-53,-66
B3,S,-67,-53,-66
B3,S,-70,-53,-66
B3,S,-71,-53,-66
B3,S,-67,-54,-66
B3,S,-71,-54,-66
B3,S,-70,-71,-67
B3,S,-67,-54,-66
B3,S,-67,-53,-66
B3,S,-71,-53,-67
B3,S,-66,-53,-66
B3,S,-67,-71,-66
B3,S,-67,-53,-72
B3,S,-67,-53,-72
B3,S,-67,-53,-66
B3,S,-72,-53,-71
B3,S,-67,-53,-66
B3,S,-67,-54,-66
B3,S,-71,-53,-72
B3,S,-67,-53,-66
B3,S,-68,-53,-67
B3,S,-72,-53,-71
B3,S,-67,-53,-66
B3,S,-70,-70,-66
B3,S,-71,-53,-66
B3,S,-67,-54,-66
B3,S,-68,-53,-66
B3,S,-67,-53,-72
B3,S,-67,-53,-66
B3,S,-71,-53,-72
B3,S,-72,-53,-66
B3,S,-67,-53,-66
B3,S,-72,-53,-72
B3,S,-72,-53,-72
B3,S,-67,-54,-68
B3,S,-71,-53,-72
B3,S,-72,-53,-66
B3,S,-67,-54,-66
B3,S,-67,-53,-67
B3,S,-72,-54,-72
B3,S,-67,-54,-67
B3,S,-71,-54,-72
B3,S,-67,-53,-66
B3,S,-67,-53,-66
B3,S,-71,-70,-66
B3,S,-72,-54,-66
B3,S,-67,-53,-66
B3,S,-67,-53,-72
B3,S,-68,-53,-66
B3,S,-68,-53,-66
B3,S,-67,-53,-71
B3,S,-67,-53,-72
B3,S,-67,-54,-67
B3,S,-71,-70,-66
B3,S,-67,-54,-66
B3,S,-71,-53,-67
B3,S,-71,-53,-66
B3,S,-68,-53,-66
B3,S,-72,-54,-71
B3,S,-68,-53,-72
B3,S,-67,-53,-66
B3,S,-67,-54,-66
B3,S,-67,-53,-72
B3,S,-67,-54,-66
B3,S,-68,-53,-66
B3,S,-70,-53,-66
B3,S,-67,-54,-66
B3,S,-71,-54,-71
B3,S,-67,-53,-67
B3,S,-68,-53,-66
B3,S,-71,-53,-72
B3,S,-67,-53,-72
B3,S,-71,-54,-66
B3,S,-71,-70,-71
B3,S,-67,-54,-66
B3,S,-68,-54,-66
B3,S,-71,-53,-71
B3,S,-67,-54,-66
B3,S,-68,-54,-66
B3,S,-71,-53,-72
B3,S,-67,-53,-66
B3,S,-67,-54,-66
B3,S,-67,-53,-66
B3,S,-71,-54,-66
B3,S,-67,-53,-66
B3,S,-69,-53,-66
B3,S,-67,-53,-66
B3,S,-71,-53,-71
B3,S,-67,-53,-72
B3,S,-71,-53,-66
B3,S,-67,-53,-67
B3,S,-71,-53,-66
B3,S,-67,-54,-66
B3,S,-67,-53,-66
B3,S,-67,-53,-66
B3,E,-66,-55,-66
B3,E,-72,-55,-70
B3,E,-67,-56,-75
B3,E,-74,-56,-76
B3,E,-72,-55,-69
B3,E,-72,-55,-69
B3,E,-67,-56,-66
B3,E,-73,-57,-75
B3,E,-72,-55,-70
B3,E,-67,-56,-66
B3,E,-72,-55,-70
B3,E,-73,-55,-70
B3,E,-67,-55,-70
B3,E,-73,-55,-66
B3,E,-73,-56,-66
B3,E,-67,-56,-66
B3,E,-72,-54,-74
B3,E,-67,-56,-69
B3,E,-66,-56,-65
B3,E,-73,-56,-69
B3,E,-66,-56,-66
B3,E,-66,-57,-66
B3,E,-72,-56,-69
B3,E,-66,-56,-66
B3,E,-67,-56,-66
B3,E,-66,-55,-66
B3,E,-66,-56,-66
B3,E,-67,-56,-66
B3,E,-72,-54,-69
B3,E,-67,-56,-67
B3,E,-74,-57,-76
B3,E,-72,-55,-70
B3,E,-73,-57,-67
B3,E,-68,-57,-66
B3,E,-73,-55,-69
B3,E,-74,-56,-66
B3,E,-75,-55,-73
B3,E,-73,-57,-70
B3,E,-66,-57,-66
B3,E,-75,-55,-67
B3,E,-74,-57,-67
B3,E,-73,-56,-66
B3,E,-73,-55,-69
B3,E,-67,-56,-66
B3,E,-66,-56,-70
B3,E,-73,-55,-69
B3,E,-67,-56,-70
B3,E,-66,-56,-66
B3,E,-74,-57,-75
B3,E,-73,-55,-70
B3,E,-73,-56,-66
B3,E,-73,-55,-69
B3,E,-66,-56,-74
B3,E,-67,-56,-66
B3,E,-72,-55,-69
B3,E,-72,-55,-69
B3,E,-73,-57,-75
B3,E,-75,-55,-70
B3,E,-72,-54,-66
B3,E,-66,-56,-66
B3,E,-72,-55,-69
B3,E,-67,-56,-67
B3,E,-66,-56,-67
B3,E,-67,-55,-74
B3,E,-75,-57,-67
B3,E,-74,-56,-66
B3,E,-75,-56,-70
B3,E,-66,-55,-67
B3,E,-66,-56,-67
B3,E,-72,-57,-66
B3,E,-66,-54,-66
B3,E,-74,-57,-75
B3,E,-73,-55,-69
B3,E,-72,-57,-66
B3,E,-66,-56,-67
B3,E,-67,-56,-69
B3,E,-66,-56,-67
B3,E,-66,-56,-67
B3,E,-66,-55,-69
B3,E,-66,-56,-66
B3,E,-66,-56,-66
B3,E,-72,-54,-69
B3,E,-67,-56,-66
B3,E,-67,-56,-66
B3,E,-72,-55,-69
B3,E,-67,-56,-66
B3,E,-67,-56,-66
B3,E,-74,-55,-66
B3,E,-66,-56,-66
B3,E,-66,-56,-67
B3,E,-72,-55,-70
B3,E,-66,-56,-66
B3,E,-72,-55,-69
B3,E,-73,-56,-66
B3,E,-66,-56,-69
B3,E,-73,-56,-75
B3,E,-66,-56,-67
B3,E,-72,-56,-70
B3,E,-66,-55,-75
B3,E,-67,-56,-66
M,N,-75,-59,-84
M,N,-75,-59,-71
M,N,-77,-65,-71
M,N,-74,-59,-71
M,N,-75,-58,-71
M,N,-83,-64,-71
M,N,-75,-58,-71
M,N,-75,-59,-70
M,N,-77,-59,-86
M,N,-74,-65,-70
M,N,-75,-59,-71
M,N,-77,-59,-71
M,N,-74,-58,-71
M,N,-74,-58,-71
M,N,-76,-59,-87
M,N,-75,-59,-68
M,N,-76,-57,-68
M,N,-80,-59,-85
M,N,-75,-59,-70
M,N,-80,-65,-71
M,N,-77,-56,-68
M,N,-74,-59,-71
M,N,-77,-64,-85
M,N,-76,-56,-86
M,N,-75,-56,-71
M,N,-77,-65,-85
M,N,-75,-65,-72
M,N,-75,-59,-72
M,N,-76,-65,-86
M,N,-76,-59,-71
M,N,-75,-59,-71
M,N,-76,-64,-85
M,N,-74,-59,-71
M,N,-76,-65,-68
M,N,-75,-64,-85
M,N,-75,-59,-70
M,N,-75,-59,-71
M,N,-76,-64,-87
M,N,-75,-59,-70
M,N,-81,-57,-86
M,N,-75,-57,-86
M,N,-75,-59,-71
M,N,-75,-59,-71
M,N,-81,-65,-85
M,N,-75,-59,-70
M,N,-81,-57,-68
M,N,-77,-59,-71
M,N,-75,-59,-85
M,N,-77,-65,-84
M,N,-75,-60,-71
M,N,-75,-59,-71
M,N,-82,-57,-68
M,N,-75,-59,-68
M,N,-75,-60,-68
M,N,-82,-65,-67
M,N,-75,-59,-71
M,N,-75,-59,-70
M,N,-74,-65,-84
M,N,-75,-59,-70
M,N,-75,-59,-71
M,N,-77,-65,-68
M,N,-75,-59,-86
M,N,-75,-60,-71
M,N,-76,-65,-84
M,N,-75,-59,-71
M,N,-75,-59,-71
M,N,-78,-65,-83
M,N,-75,-65,-70
M,N,-74,-57,-68
M,N,-76,-65,-85
M,N,-75,-59,-71
M,N,-75,-56,-68
M,N,-75,-65,-71
M,N,-75,-59,-71
M,N,-76,-59,-70
M,N,-76,-65,-70
M,N,-74,-59,-71
M,N,-75,-60,-70
M,N,-76,-57,-84
M,N,-75,-64,-71
M,N,-75,-59,-71
M,N,-77,-59,-84
M,N,-75,-59,-70
M,N,-76,-65,-87
M,N,-84,-65,-71
M,N,-75,-59,-71
M,N,-84,-56,-68
M,N,-77,-65,-71
M,N,-75,-59,-71
M,N,-76,-65,-85
M,N,-74,-59,-71
M,N,-75,-59,-71
M,N,-77,-64,-85
M,N,-75,-59,-71
M,N,-75,-59,-71
M,N,-81,-65,-68
M,N,-76,-59,-71
M,N,-74,-59,-71
M,N,-75,-59,-71
M,N,-76,-56,-68
M,W,-80,-56,-73
M,W,-81,-56,-73
M,W,-82,-56,-69
M,W,-80,-56,-73
M,W,-81,-56,-73
M,W,-80,-59,-73
M,W,-81,-56,-73
M,W,-80,-59,-69
M,W,-79,-56,-73
M,W,-83,-59,-63
M,W,-80,-59,-69
M,W,-80,-59,-68
M,W,-79,-56,-73
M,W,-80,-59,-68
M,W,-80,-59,-73
M,W,-80,-56,-72
M,W,-80,-59,-69
M,W,-81,-56,-72
M,W,-81,-56,-73
M,W,-80,-59,-73
M,W,-80,-56,-73
M,W,-80,-56,-72
M,W,-81,-56,-68
M,W,-81,-55,-73
M,W,-80,-56,-73
M,W,-81,-56,-68
M,W,-80,-56,-73
M,W,-80,-56,-73
M,W,-79,-59,-69
M,W,-80,-56,-73
M,W,-81,-56,-74
M,W,-80,-59,-63
M,W,-80,-55,-73
M,W,-80,-56,-73
M,W,-81,-56,-68
M,W,-79,-55,-73
M,W,-80,-56,-72
M,W,-79,-59,-69
M,W,-80,-56,-73
M,W,-81,-56,-73
M,W,-80,-56,-69
M,W,-80,-56,-73
M,W,-80,-59,-69
M,W,-81,-59,-69
M,W,-80,-56,-73
M,W,-80,-59,-69
M,W,-80,-56,-73
M,W,-81,-55,-73
M,W,-81,-59,-69
M,W,-80,-56,-69
M,W,-81,-56,-73
M,W,-80,-59,-69
M,W,-81,-57,-69
M,W,-81,-56,-69
M,W,-80,-59,-69
M,W,-80,-56,-74
M,W,-80,-56,-73
M,W,-80,-59,-69
M,W,-80,-56,-73
M,W,-81,-56,-63
M,W,-81,-59,-73
M,W,-80,-56,-74
M,W,-80,-56,-73
M,W,-80,-56,-73
M,W,-81,-56,-68
M,W,-81,-56,-73
M,W,-79,-56,-69
M,W,-80,-56,-74
M,W,-80,-57,-73
M,W,-81,-56,-73
M,W,-81,-56,-74
M,W,-80,-56,-73
M,W,-79,-59,-69
M,W,-82,-56,-73
M,W,-80,-59,-63
M,W,-81,-56,-73
M,W,-80,-56,-73
M,W,-80,-59,-69
M,W,-81,-56,-73
M,W,-80,-56,-73
M,W,-81,-59,-74
M,W,-81,-59,-73
M,W,-80,-55,-74
M,W,-80,-59,-68
M,W,-80,-59,-69
M,W,-80,-56,-73
M,W,-81,-59,-63
M,W,-80,-56,-73
M,W,-79,-56,-73
M,W,-80,-56,-63
M,W,-79,-56,-68
M,W,-82,-59,-68
M,W,-79,-60,-73
M,W,-79,-56,-73
M,W,-80,-56,-73
M,W,-80,-59,-69
M,W,-79,-56,-74
M,W,-78,-56,-73
M,W,-80,-59,-73
M,W,-79,-56,-73
M,S,-83,-64,-69
M,S,-83,-60,-63
M,S,-82,-59,-63
M,S,-80,-60,-65
M,S,-83,-60,-63
M,S,-78,-64,-65
M,S,-77,-60,-64
M,S,-82,-61,-69
M,S,-75,-65,-65
M,S,-82,-60,-64
M,S,-81,-65,-69
M,S,-77,-66,-65
M,S,-77,-65,-63
M,S,-82,-60,-63
M,S,-82,-66,-64
M,S,-82,-60,-63
M,S,-83,-60,-63
M,S,-76,-60,-63
M,S,-76,-60,-64
M,S,-82,-60,-63
M,S,-78,-64,-65
M,S,-82,-60,-64
M,S,-77,-59,-65
M,S,-77,-65,-65
M,S,-82,-60,-63
M,S,-82,-60,-69
M,S,-82,-65,-65
M,S,-82,-60,-63
M,S,-83,-60,-63
M,S,-77,-65,-65
M,S,-82,-60,-63
M,S,-83,-61,-63
M,S,-83,-66,-63
M,S,-81,-60,-63
M,S,-81,-61,-63
M,S,-77,-60,-65
M,S,-82,-60,-63
M,S,-83,-59,-63
M,S,-83,-64,-65
M,S,-83,-60,-63
M,S,-77,-64,-65
M,S,-78,-60,-63
M,S,-82,-60,-64
M,S,-77,-60,-70
M,S,-83,-61,-65
M,S,-83,-60,-63
M,S,-78,-65,-65
M,S,-75,-60,-63
M,S,-82,-60,-64
M,S,-78,-65,-65
M,S,-82,-60,-65
M,S,-82,-60,-64
M,S,-76,-66,-65
M,S,-77,-60,-63
M,S,-83,-60,-63
M,S,-82,-65,-63
M,S,-82,-60,-63
M,S,-81,-60,-63
M,S,-77,-65,-65
M,S,-82,-60,-63
M,S,-81,-65,-69
M,S,-76,-60,-63
M,S,-82,-60,-63
M,S,-81,-60,-63
M,S,-82,-65,-65
M,S,-82,-61,-63
M,S,-77,-64,-65
M,S,-77,-64,-65
M,S,-82,-60,-63
M,S,-83,-60,-63
M,S,-81,-60,-65
M,S,-85,-60,-64
M,S,-78,-65,-65
M,S,-77,-64,-65
M,S,-82,-60,-63
M,S,-82,-59,-68
M,S,-82,-60,-69
M,S,-83,-60,-63
M,S,-81,-65,-69
M,S,-82,-60,-65
M,S,-82,-60,-63
M,S,-77,-65,-66
M,S,-82,-60,-63
M,S,-82,-59,-65
M,S,-77,-59,-69
M,S,-82,-60,-63
M,S,-82,-60,-63
M,S,-77,-60,-64
M,S,-83,-60,-63
M,S,-83,-61,-63
M,S,-78,-64,-65
M,S,-81,-60,-65
M,S,-77,-61,-65
M,S,-78,-64,-65
M,S,-82,-59,-65
M,S,-82,-61,-63
M,S,-77,-65,-64
M,S,-82,-60,-63
M,S,-82,-60,-63
M,S,-77,-65,-63
M,E,-89,-65,-74
M,E,-88,-65,-67
M,E,-82,-63,-67
M,E,-89,-65,-75
M,E,-82,-63,-75
M,E,-81,-63,-67
M,E,-81,-65,-75
M,E,-82,-63,-67
M,E,-81,-63,-66
M,E,-82,-59,-71
M,E,-81,-64,-75
M,E,-91,-59,-74
M,E,-89,-63,-75
M,E,-80,-63,-66
M,E,-81,-64,-66
M,E,-82,-63,-75
M,E,-81,-63,-68
M,E,-89,-64,-70
M,E,-88,-63,-75
M,E,-81,-64,-67
M,E,-81,-63,-67
M,E,-81,-65,-67
M,E,-82,-64,-67
M,E,-89,-65,-75
M,E,-88,-65,-74
M,E,-80,-63,-67
M,E,-81,-64,-67
M,E,-88,-66,-75
M,E,-80,-64,-67
M,E,-81,-64,-66
M,E,-89,-64,-75
M,E,-80,-63,-67
M,E,-80,-64,-66
M,E,-81,-64,-75
M,E,-81,-63,-66
M,E,-91,-65,-75
M,E,-82,-64,-75
M,E,-81,-64,-66
M,E,-89,-59,-75
M,E,-90,-64,-75
M,E,-80,-64,-67
M,E,-89,-66,-75
M,E,-82,-65,-66
M,E,-80,-65,-66
M,E,-92,-65,-67
M,E,-82,-63,-66
M,E,-81,-63,-67
M,E,-81,-65,-67
M,E,-90,-63,-66
M,E,-80,-63,-66
M,E,-90,-65,-74
M,E,-81,-63,-66
M,E,-90,-59,-70
M,E,-91,-63,-67
M,E,-82,-64,-67
M,E,-81,-66,-75
M,E,-88,-65,-75
M,E,-81,-64,-75
M,E,-89,-65,-70
M,E,-87,-66,-76
M,E,-81,-64,-75
M,E,-91,-65,-75
M,E,-87,-59,-70
M,E,-80,-64,-66
M,E,-89,-65,-75
M,E,-88,-65,-74
M,E,-81,-63,-66
M,E,-88,-65,-75
M,E,-82,-63,-69
M,E,-90,-65,-74
M,E,-91,-59,-71
M,E,-90,-65,-66
M,E,-81,-64,-66
M,E,-89,-65,-67
M,E,-88,-66,-74
M,E,-80,-64,-66
M,E,-88,-65,-75
M,E,-82,-63,-67
M,E,-81,-64,-66
M,E,-90,-65,-71
M,E,-82,-64,-67
M,E,-81,-60,-66
M,E,-88,-64,-74
M,E,-82,-65,-67
M,E,-81,-64,-71
M,E,-89,-60,-76
M,E,-81,-63,-67
M,E,-81,-59,-72
M,E,-81,-65,-75
M,E,-82,-66,-75
M,E,-81,-64,-66
M,E,-83,-64,-75
M,E,-82,-65,-66
M,E,-82,-64,-67
M,E,-87,-66,-74
M,E,-82,-64,-66
M,E,-82,-63,-67
M,E,-88,-64,-75
M,E,-89,-64,-67
M,E,-81,-64,-67
